CLAVE ,DESCRIPCION 
1,1 libro
2,2 libros 
3,3 libros 
4,4 libros 
5,5 libros 
6,6 libros 
7,7 libros 
8,8 libros 
9,9 libros 
10,10 libros 
11,11 libros 
12,12 libros 
13,13 libros 
14,14 libros 
15,15 libros 
16,16 libros 
17,17 libros 
18,18 libros 
19,19 libros 
20,20 libros 
21,21 libros 
22,22 libros 
23,23 libros 
24,24 libros 
25,25 libros 
26,26 libros 
27,27 libros 
28,28 libros 
29,29 libros 
30,30 libros 
31,31 libros 
32,32 libros 
33,33 libros 
34,34 libros 
35,35 libros 
36,36 libros 
37,37 libros 
38,38 libros 
39,39 libros 
40,40 libros 
41,41 libros 
42,42 libros 
43,43 libros 
44,44 libros 
45,45 libros 
46,46 libros 
47,47 libros 
48,48 libros 
49,49 libros 
50,50 libros 
51,51 libros 
52,52 libros 
53,53 libros 
54,54 libros 
55,55 libros 
56,56 libros 
57,57 libros 
58,58 libros 
59,59 libros 
60,60 libros 
61,61 libros 
62,62 libros 
63,63 libros 
64,64 libros 
65,65 libros 
66,66 libros 
67,67 libros 
68,68 libros 
69,69 libros 
70,70 libros 
71,71 libros 
72,72 libros 
73,73 libros 
74,74 libros 
75,75 libros 
76,76 libros 
77,77 libros 
78,78 libros 
79,79 libros 
80,80 libros 
81,81 libros 
82,82 libros 
83,83 libros 
84,84 libros 
85,85 libros 
86,86 libros 
87,87 libros 
88,88 libros 
89,89 libros 
90,90 libros 
91,91 libros 
92,92 libros 
93,93 libros 
94,94 libros 
95,95 libros 
96,96 libros 
97,97 libros 
98,98 libros 
99,99 libros 
blanco ,Blanco por pase 
